Name,Address,Phone,Email
John Doe,123 Maple St,555-1234,john.doe@example.com
Jane Smith,456 Oak St,555-5678,jane.smith@example.com
Alice Johnson,789 Pine St,555-8765,alice.johnson@example.com
Bob Brown,101 Cedar St,555-4321,bob.brown@example.com
Carol White,202 Birch St,555-9876,carol.white@example.com
Dave Black,303 Walnut St,555-6543,dave.black@example.com
Eve Green,404 Elm St,555-3210,eve.green@example.com
Frank Blue,505 Ash St,555-0987,frank.blue@example.com
Grace Yellow,606 Willow St,555-7654,grace.yellow@example.com
Hank Purple,707 Spruce St,555-2109,hank.purple@example.com
Ivy Gold,808 Maple St,555-1111,ivy.gold@gmail.com
Jack Silver,909 Oak St,555-2222,jack.silver@example.com
Kara Diamond,101 Pine St,555-3333,kara.diamond@example.com
Leo Crystal,202 Cedar St,555-4444,leo.crystal@example.com
Mona Pearl,303 Birch St,555-5555,mona.pearl@outlook.com
Nina Ruby,404 Walnut St,555-6666,nina.ruby@example.com
Oscar Emerald,505 Elm St,555-7777,oscar.emerald@example.com
Paul Sapphire,606 Ash St,555-8888,paul.sapphire@example.com
Quincy Topaz,707 Willow St,555-9999,quincy.topaz@example.com
Rita Jade,808 Spruce St,555-0000,rita.jade@example.com
Sam Opal,909 Maple St,555-1112,sam.opal@example.com
Tina Quartz,101 Oak St,555-2223,tina.quartz@example.com
Uma Garnet,202 Pine St,555-3334,uma.garnet@gmail.com
Victor Amber,303 Cedar St,555-4445,victor.amber@outlook.com
Wendy Onyx,404 Birch St,555-5556,wendy.onyx@example.com
Xander Zircon,505 Walnut St,555-6667,xander.zircon@example.com
Yara Turquoise,606 Elm St,555-7778,yara.turquoise@example.com
Zane Peridot,707 Ash St,555-8889,zane.peridot@example.com
Andy Fluorite,808 Willow St,555-9990,andy.fluorite@gmail.com
Bella Lapis,909 Spruce St,555-0001,bella.lapis@gmail.com
Cindy Lime,111 Apple St,555-1113,cindy.lime@sample.org
Dan Brown,222 Banana St,555-2224,dan.brown@sample.net
Erin Black,333 Cherry St,555-3335,erin.black@sample.edu
Fred White,444 Date St,555-4446,fred.white@sample.co
Gina Orange,555 Elderberry St,555-5557,gina.orange@gmail.com
Henry Gray,666 Fig St,555-6668,henry.gray@sample.io
Isla Pink,777 Grape St,555-7779,isla.pink@sample.ai
Jake Violet,888 Honeydew St,555-8880,jake.violet@sample.co.uk
Liam Red,999 Indian Fig St,555-9991,liam.red@sample.me
Mia Cyan,1010 Jackfruit St,555-0002,mia.cyan@sample.co.uk
Noah Blue,1111 Kiwi St,555-1114,noah.blue@sample.info
Olivia Magenta,1212 Lemon St,555-2225,olivia.magenta@sample.com
Parker Green,1313 Mango St,555-3336,parker.green@sample.xyz
Quinn Blue,1414 Nectarine St,555-4447,quinn.blue@sample.edu
Rachel Gray,1515 Orange St,555-5558,rachel.gray@sample.edu
Steve Yellow,1616 Papaya St,555-6669,steve.yellow@sample.site
Tina Silver,1717 Quince St,555-7770,tina.silver@sample.store
Ursula Gold,1818 Raspberry St,555-8881,ursula.gold@sample.co.uk
Victor Black,1919 Strawberry St,555-9992,victor.black@sample.org
Wendy Brown,2020 Tangerine St,555-0003,wendy.brown@sample.org
